bank_name,country,field,value,source_url,source_type,access_date,verification_status,notes
CaixaBank,Spain,digital_score,93,https://www.caixabank.es,computed_from_maturity_fields,2026-02-11,verified,Tier: Digital Leader. Official results + tech transformation + innovation press evidence reviewed.
CaixaBank,Spain,annual_report_url,https://www.caixabank.com/en/headlines/news/caixabank-reports-a-net-profit-of--5-79-billion-in-2024-up-20-2--and-far-exceeds-the-targets-set-in-the-2022-2024-strategic-plan,https://www.caixabank.com/en/headlines/news/caixabank-reports-a-net-profit-of--5-79-billion-in-2024-up-20-2--and-far-exceeds-the-targets-set-in-the-2022-2024-strategic-plan,annual_report,2026-02-11,verified,
CaixaBank,Spain,case_study_url,https://www.caixabanktech.com/cases/google-cloud-journey,https://www.caixabanktech.com/cases/google-cloud-journey,case_study,2026-02-11,verified,
CaixaBank,Spain,press_release_url,https://www.caixabank.com/en/headlines/news/caixabank-invests--1-368-billion-in-technology-and-development-in-2024-an-8-3-increase-from-the-previous-year-,https://www.caixabank.com/en/headlines/news/caixabank-invests--1-368-billion-in-technology-and-development-in-2024-an-8-3-increase-from-the-previous-year-,press_release,2026-02-11,verified,
Groupe BPCE (Caisse d'Epargne network),France,digital_score,60,https://www.groupebpce.com,computed_from_maturity_fields,2026-02-11,verified,Tier: Advanced. Investor publications and official results documentation used.
Groupe BPCE (Caisse d'Epargne network),France,annual_report_url,https://www.groupebpce.com/investisseurs/resultats-et-publications/performance-en-bref,https://www.groupebpce.com/investisseurs/resultats-et-publications/performance-en-bref,annual_report,2026-02-11,verified,
Groupe BPCE (Caisse d'Epargne network),France,case_study_url,https://www.groupebpce.com/en/newsroom,https://www.groupebpce.com/en/newsroom,case_study,2026-02-11,verified,
Groupe BPCE (Caisse d'Epargne network),France,press_release_url,https://www.ppr.groupebpce.com/app/uploads/2025/02/groupebpce-pr-results-q4-242024fv-1.pdf,https://www.ppr.groupebpce.com/app/uploads/2025/02/groupebpce-pr-results-q4-242024fv-1.pdf,press_release,2026-02-11,verified,
Erste Group (Sparkassen),Austria,digital_score,87,https://www.erstegroup.com,computed_from_maturity_fields,2026-02-11,verified,Tier: Digital Leader. Annual report + Erste Digital capability + AI-related press release reviewed.
Erste Group (Sparkassen),Austria,annual_report_url,https://www.erstegroup.com/en/investors/annualreport2024,https://www.erstegroup.com/en/investors/annualreport2024,annual_report,2026-02-11,verified,
Erste Group (Sparkassen),Austria,case_study_url,https://www.erstedigital.com/en,https://www.erstedigital.com/en,case_study,2026-02-11,verified,
Erste Group (Sparkassen),Austria,press_release_url,https://www.erstegroup.com/en/news-media/press-releases/2024/3/14/financial-health-prototype,https://www.erstegroup.com/en/news-media/press-releases/2024/3/14/financial-health-prototype,press_release,2026-02-11,verified,
Sparkassen-Finanzgruppe,Germany,digital_score,53,https://www.sparkasse.de,computed_from_maturity_fields,2026-02-11,verified,"Tier: Developing. Deep-researched with official annual report/results publication, plus case-study/technology and press/news evidence."
Sparkassen-Finanzgruppe,Germany,annual_report_url,https://www.dsgv.de/sparkassen-finanzgruppe/publikationen/Finanzbericht_2024.html,https://www.dsgv.de/sparkassen-finanzgruppe/publikationen/Finanzbericht_2024.html,annual_report,2026-02-11,verified,
Sparkassen-Finanzgruppe,Germany,case_study_url,https://www.dsv-gruppe.de/,https://www.dsv-gruppe.de/,case_study,2026-02-11,verified,
Sparkassen-Finanzgruppe,Germany,press_release_url,https://www.sparkasse.de/pk/ratgeber/onlinebanking/,https://www.sparkasse.de/pk/ratgeber/onlinebanking/,press_release,2026-02-11,verified,
Banque et Caisse d'Epargne de l'Etat (Spuerkeess),Luxembourg,digital_score,53,https://www.spuerkeess.lu,computed_from_maturity_fields,2026-02-11,verified,"Tier: Developing. Deep-researched with official annual report/results publication, plus case-study/technology and press/news evidence."
Banque et Caisse d'Epargne de l'Etat (Spuerkeess),Luxembourg,annual_report_url,https://www.spuerkeess.lu/en/about-us/publications/,https://www.spuerkeess.lu/en/about-us/publications/,annual_report,2026-02-11,verified,
Banque et Caisse d'Epargne de l'Etat (Spuerkeess),Luxembourg,case_study_url,https://www.spuerkeess.lu/en/about-us/,https://www.spuerkeess.lu/en/about-us/,case_study,2026-02-11,verified,
Banque et Caisse d'Epargne de l'Etat (Spuerkeess),Luxembourg,press_release_url,https://www.spuerkeess.lu/en/private-customers/become-customer-online/,https://www.spuerkeess.lu/en/private-customers/become-customer-online/,press_release,2026-02-11,verified,
Ceska sporitelna,Czech Republic,digital_score,73,https://www.csas.cz,computed_from_maturity_fields,2026-02-11,verified,Tier: Advanced. Cloud modernization and AI chatbot release captured from official/primary sources.
Ceska sporitelna,Czech Republic,annual_report_url,https://www.csas.cz/en/about-us/investor-relations/annual-reports,https://www.csas.cz/en/about-us/investor-relations/annual-reports,annual_report,2026-02-11,verified,
Ceska sporitelna,Czech Republic,case_study_url,https://customers.microsoft.com/en-gb/story/1483761230195727099-ceska-sporitelna-azure-en-czech-republic,https://customers.microsoft.com/en-gb/story/1483761230195727099-ceska-sporitelna-azure-en-czech-republic,case_study,2026-02-11,verified,
Ceska sporitelna,Czech Republic,press_release_url,https://www.csas.cz/cs/o-nas/pro-media/tiskove-zpravy/2023/12/19/ceska-sporitelna-spustila-ai-chatbot,https://www.csas.cz/cs/o-nas/pro-media/tiskove-zpravy/2023/12/19/ceska-sporitelna-spustila-ai-chatbot,press_release,2026-02-11,verified,
Slovenska sporitelna,Slovakia,digital_score,60,https://www.slsp.sk,computed_from_maturity_fields,2026-02-11,verified,Tier: Advanced. Deep-researched with official sources; annual source is a financial-results/reporting page rather than a standalone annual-report PDF index.
Slovenska sporitelna,Slovakia,annual_report_url,https://www.slsp.sk/sk/aktuality/2025/2/28/konsolidovany-prevadzkovy-zisk-slovenskej-sporitelne-vzrastol-medzirocne-o-12-2-percenta,https://www.slsp.sk/sk/aktuality/2025/2/28/konsolidovany-prevadzkovy-zisk-slovenskej-sporitelne-vzrastol-medzirocne-o-12-2-percenta,annual_report,2026-02-11,verified,
Slovenska sporitelna,Slovakia,case_study_url,https://www.erstedigital.com/en,https://www.erstedigital.com/en,case_study,2026-02-11,verified,
Slovenska sporitelna,Slovakia,press_release_url,https://www.slsp.sk/sk/ludia/pomoc-a-podpora,https://www.slsp.sk/sk/ludia/pomoc-a-podpora,press_release,2026-02-11,verified,
Savings Banks Group (Saastopankki),Finland,digital_score,60,https://www.saastopankki.fi,computed_from_maturity_fields,2026-02-11,verified,"Tier: Advanced. Deep-researched with official annual report/results publication, plus case-study/technology and press/news evidence."
Savings Banks Group (Saastopankki),Finland,annual_report_url,https://www.saastopankki.fi/en/savingsbanksgroup/financial-information/financial-materials,https://www.saastopankki.fi/en/savingsbanksgroup/financial-information/financial-materials,annual_report,2026-02-11,verified,
Savings Banks Group (Saastopankki),Finland,case_study_url,https://www.saastopankki.fi/en-gb/about-us,https://www.saastopankki.fi/en-gb/about-us,case_study,2026-02-11,verified,
Savings Banks Group (Saastopankki),Finland,press_release_url,https://www.saastopankki.fi/fi-fi/asiakaspalvelu/chatbot,https://www.saastopankki.fi/fi-fi/asiakaspalvelu/chatbot,press_release,2026-02-11,verified,
SpareBank 1 Alliance,Norway,digital_score,67,https://www.sparebank1.no,computed_from_maturity_fields,2026-02-11,verified,Tier: Advanced. Digital assistant and engineering capability evidence captured; some sources are subsidiary-level.
SpareBank 1 Alliance,Norway,annual_report_url,https://www.sparebank1.no/nb/bank/om-oss/investor-relations.html,https://www.sparebank1.no/nb/bank/om-oss/investor-relations.html,annual_report,2026-02-11,verified,
SpareBank 1 Alliance,Norway,case_study_url,https://sparebank1utvikling.medium.com,https://sparebank1utvikling.medium.com,case_study,2026-02-11,verified,
SpareBank 1 Alliance,Norway,press_release_url,https://www.sparebank1.no/nb/smn/om-oss/nyheter/den-digitale-assistenten-har-flyttet-inn.html,https://www.sparebank1.no/nb/smn/om-oss/nyheter/den-digitale-assistenten-har-flyttet-inn.html,press_release,2026-02-11,verified,
Swedbank and Savings Banks,Sweden,digital_score,73,https://www.swedbank.com,computed_from_maturity_fields,2026-02-11,verified,Tier: Advanced. Strong open banking and annual reporting evidence; AI/cloud depth less explicit in public pages.
Swedbank and Savings Banks,Sweden,annual_report_url,https://www.swedbank.com/investor-relations/reports-and-presentations/annual-reports.html,https://www.swedbank.com/investor-relations/reports-and-presentations/annual-reports.html,annual_report,2026-02-11,verified,
Swedbank and Savings Banks,Sweden,case_study_url,https://developer.swedbank.com,https://developer.swedbank.com,case_study,2026-02-11,verified,
Swedbank and Savings Banks,Sweden,press_release_url,https://www.swedbank.com/newsroom.html,https://www.swedbank.com/newsroom.html,press_release,2026-02-11,verified,
OTP Bank,Hungary,digital_score,47,https://www.otpbank.hu,computed_from_maturity_fields,2026-02-11,verified,"Tier: Developing. Deep-researched with official annual report/results publication, plus case-study/technology and press/news evidence."
OTP Bank,Hungary,annual_report_url,https://www.otpgroup.info/investor-relations/reports/annual,https://www.otpgroup.info/investor-relations/reports/annual,annual_report,2026-02-11,verified,
OTP Bank,Hungary,case_study_url,https://www.otpbank.hu/portal/en/Aboutus,https://www.otpbank.hu/portal/en/Aboutus,case_study,2026-02-11,verified,
OTP Bank,Hungary,press_release_url,https://www.otpbank.hu/portal/en/Bank_Account/basic,https://www.otpbank.hu/portal/en/Bank_Account/basic,press_release,2026-02-11,verified,
Caixa Geral de Depositos,Portugal,digital_score,53,https://www.cgd.pt,computed_from_maturity_fields,2026-02-11,verified,"Tier: Developing. Deep-researched with official annual report/results publication, plus case-study/technology and press/news evidence."
Caixa Geral de Depositos,Portugal,annual_report_url,https://www.cgd.pt/English/Investor-Relations/Financial-Information/CGD/Pages/CGD-Annual-Reports.aspx,https://www.cgd.pt/English/Investor-Relations/Financial-Information/CGD/Pages/CGD-Annual-Reports.aspx,annual_report,2026-02-11,verified,
Caixa Geral de Depositos,Portugal,case_study_url,https://www.cgd.pt/Institucional/Pages/default.aspx,https://www.cgd.pt/Institucional/Pages/default.aspx,case_study,2026-02-11,verified,
Caixa Geral de Depositos,Portugal,press_release_url,https://www.cgd.pt/Particulares/Apoio-Cliente/Pages/default.aspx,https://www.cgd.pt/Particulares/Apoio-Cliente/Pages/default.aspx,press_release,2026-02-11,verified,
Banco Montepio,Portugal,digital_score,47,https://www.bancomontepio.pt,computed_from_maturity_fields,2026-02-11,verified,Tier: Developing. Deep-researched with official sources; annual source is a financial-results/reporting page rather than a standalone annual-report PDF index.
Banco Montepio,Portugal,annual_report_url,https://www.bancomontepio.pt/en/institutional/investor-relations/funding-programmes,https://www.bancomontepio.pt/en/institutional/investor-relations/funding-programmes,annual_report,2026-02-11,verified,
Banco Montepio,Portugal,case_study_url,https://www.bancomontepio.pt/institucional/,https://www.bancomontepio.pt/institucional/,case_study,2026-02-11,verified,
Banco Montepio,Portugal,press_release_url,https://www.bancomontepio.pt/particulares/contas/conta-online/,https://www.bancomontepio.pt/particulares/contas/conta-online/,press_release,2026-02-11,verified,
de Volksbank,Netherlands,digital_score,53,https://www.devolksbank.nl,computed_from_maturity_fields,2026-02-11,verified,"Tier: Developing. Deep-researched with official annual report/results publication, plus case-study/technology and press/news evidence."
de Volksbank,Netherlands,annual_report_url,https://www.devolksbank.nl/en/investor-relations/annual-reports,https://www.devolksbank.nl/en/investor-relations/annual-reports,annual_report,2026-02-11,verified,
de Volksbank,Netherlands,case_study_url,https://www.devolksbank.nl/werken-bij.html,https://www.devolksbank.nl/werken-bij.html,case_study,2026-02-11,verified,
de Volksbank,Netherlands,press_release_url,https://www.regiobank.nl/particulier/bankrekening/openen.html,https://www.regiobank.nl/particulier/bankrekening/openen.html,press_release,2026-02-11,verified,
Rabobank,Netherlands,digital_score,67,https://www.rabobank.com,computed_from_maturity_fields,2026-02-11,verified,Tier: Advanced. Developer platform and investor publications support digital capability assessment.
Rabobank,Netherlands,annual_report_url,https://www.rabobank.com/about-rabobank/investor-relations/results-and-reports,https://www.rabobank.com/about-rabobank/investor-relations/results-and-reports,annual_report,2026-02-11,verified,
Rabobank,Netherlands,case_study_url,https://developer.rabobank.nl,https://developer.rabobank.nl,case_study,2026-02-11,verified,
Rabobank,Netherlands,press_release_url,https://www.rabobank.com/knowledge,https://www.rabobank.com/knowledge,press_release,2026-02-11,verified,
Raiffeisen Bank International,Austria,digital_score,53,https://www.rbinternational.com,computed_from_maturity_fields,2026-02-11,verified,"Tier: Developing. Deep-researched with official annual report/results publication, plus case-study/technology and press/news evidence."
Raiffeisen Bank International,Austria,annual_report_url,https://www.rbinternational.com/en/investors/results-reports/annual-reports.html,https://www.rbinternational.com/en/investors/results-reports/annual-reports.html,annual_report,2026-02-11,verified,
Raiffeisen Bank International,Austria,case_study_url,https://www.rbinternational.com/en/careers/it-digital.html,https://www.rbinternational.com/en/careers/it-digital.html,case_study,2026-02-11,verified,
Raiffeisen Bank International,Austria,press_release_url,https://www.raiffeisen.at/rch/de/privatkunden/konten.html,https://www.raiffeisen.at/rch/de/privatkunden/konten.html,press_release,2026-02-11,verified,
Raiffeisen Switzerland,Switzerland,digital_score,47,https://www.raiffeisen.ch,computed_from_maturity_fields,2026-02-11,verified,"Tier: Developing. Deep-researched with official annual report/results publication, plus case-study/technology and press/news evidence."
Raiffeisen Switzerland,Switzerland,annual_report_url,https://www.raiffeisen.ch/rch/de/ueber-uns/news/rch/geschaeftsberichterstattung-2024.html,https://www.raiffeisen.ch/rch/de/ueber-uns/news/rch/geschaeftsberichterstattung-2024.html,annual_report,2026-02-11,verified,
Raiffeisen Switzerland,Switzerland,case_study_url,https://www.raiffeisen.ch/rch/en/about-raiffeisen/careers.html,https://www.raiffeisen.ch/rch/en/about-raiffeisen/careers.html,case_study,2026-02-11,verified,
Raiffeisen Switzerland,Switzerland,press_release_url,https://www.raiffeisen.ch/rch/en/private-customers/accounts-and-packages.html,https://www.raiffeisen.ch/rch/en/private-customers/accounts-and-packages.html,press_release,2026-02-11,verified,
OP Financial Group,Finland,digital_score,60,https://www.op.fi,computed_from_maturity_fields,2026-02-11,verified,Tier: Advanced. Open-banking and reporting maturity documented in official sources.
OP Financial Group,Finland,annual_report_url,https://www.op.fi/op-financial-group/reports,https://www.op.fi/op-financial-group/reports,annual_report,2026-02-11,verified,
OP Financial Group,Finland,case_study_url,https://www.op.fi/corporate-customers/open-banking,https://www.op.fi/corporate-customers/open-banking,case_study,2026-02-11,verified,
OP Financial Group,Finland,press_release_url,https://www.op.fi/web/op-group/newsroom,https://www.op.fi/web/op-group/newsroom,press_release,2026-02-11,verified,
Nationwide Building Society,United Kingdom,digital_score,60,https://www.nationwide.co.uk,computed_from_maturity_fields,2026-02-11,verified,Tier: Advanced. Good annual-report and open-banking evidence; public AI/cloud specificity is moderate.
Nationwide Building Society,United Kingdom,annual_report_url,https://www.nationwide.co.uk/about-us/investor-relations/financial-results-and-events/,https://www.nationwide.co.uk/about-us/investor-relations/financial-results-and-events/,annual_report,2026-02-11,verified,
Nationwide Building Society,United Kingdom,case_study_url,https://developer.nationwideopenbanking.co.uk,https://developer.nationwideopenbanking.co.uk,case_study,2026-02-11,verified,
Nationwide Building Society,United Kingdom,press_release_url,https://www.nationwide.co.uk/news-and-stories/,https://www.nationwide.co.uk/news-and-stories/,press_release,2026-02-11,verified,
Coventry Building Society,United Kingdom,digital_score,47,https://www.coventrybuildingsociety.co.uk,computed_from_maturity_fields,2026-02-11,verified,"Tier: Developing. Deep-researched with official annual report/results publication, plus case-study/technology and press/news evidence."
Coventry Building Society,United Kingdom,annual_report_url,https://www.coventrybuildingsociety.co.uk/content/dam/cbs/member/pdfs/financial-results/2024/annual-report-and-accounts-2024.pdf,https://www.coventrybuildingsociety.co.uk/content/dam/cbs/member/pdfs/financial-results/2024/annual-report-and-accounts-2024.pdf,annual_report,2026-02-11,verified,
Coventry Building Society,United Kingdom,case_study_url,https://www.coventrybuildingsociety.co.uk/careers.html,https://www.coventrybuildingsociety.co.uk/careers.html,case_study,2026-02-11,verified,
Coventry Building Society,United Kingdom,press_release_url,https://www.coventrybuildingsociety.co.uk/member/product/current-account.html,https://www.coventrybuildingsociety.co.uk/member/product/current-account.html,press_release,2026-02-11,verified,
Skipton Building Society,United Kingdom,digital_score,47,https://www.skipton.co.uk,computed_from_maturity_fields,2026-02-11,verified,"Tier: Developing. Deep-researched with official annual report/results publication, plus case-study/technology and press/news evidence."
Skipton Building Society,United Kingdom,annual_report_url,https://www.skipton.co.uk/content/dam/sbs-sites/skipton-co-uk/documents/about-us/financial-results/2024/annual-reports-and-accounts-2024.pdf,https://www.skipton.co.uk/content/dam/sbs-sites/skipton-co-uk/documents/about-us/financial-results/2024/annual-reports-and-accounts-2024.pdf,annual_report,2026-02-11,verified,
Skipton Building Society,United Kingdom,case_study_url,https://www.skipton.co.uk/about-us/careers,https://www.skipton.co.uk/about-us/careers,case_study,2026-02-11,verified,
Skipton Building Society,United Kingdom,press_release_url,https://www.skipton.co.uk/mortgages/first-time-buyers/track-record-mortgage,https://www.skipton.co.uk/mortgages/first-time-buyers/track-record-mortgage,press_release,2026-02-11,verified,
Yorkshire Building Society,United Kingdom,digital_score,47,https://www.ybs.co.uk,computed_from_maturity_fields,2026-02-11,verified,"Tier: Developing. Deep-researched with official annual report/results publication, plus case-study/technology and press/news evidence."
Yorkshire Building Society,United Kingdom,annual_report_url,https://www.ybs.co.uk/your-society/reports,https://www.ybs.co.uk/your-society/reports,annual_report,2026-02-11,verified,
Yorkshire Building Society,United Kingdom,case_study_url,https://www.ybs.co.uk/careers,https://www.ybs.co.uk/careers,case_study,2026-02-11,verified,
Yorkshire Building Society,United Kingdom,press_release_url,https://www.ybs.co.uk/current-accounts,https://www.ybs.co.uk/current-accounts,press_release,2026-02-11,verified,
Principality Building Society,United Kingdom,digital_score,47,https://www.principality.co.uk,computed_from_maturity_fields,2026-02-11,verified,"Tier: Developing. Deep-researched with official annual report/results publication, plus case-study/technology and press/news evidence."
Principality Building Society,United Kingdom,annual_report_url,https://www.principality.co.uk/home/corporate-governance/financial-reports,https://www.principality.co.uk/home/corporate-governance/financial-reports,annual_report,2026-02-11,verified,
Principality Building Society,United Kingdom,case_study_url,https://www.principality.co.uk/careers,https://www.principality.co.uk/careers,case_study,2026-02-11,verified,
Principality Building Society,United Kingdom,press_release_url,https://www.principality.co.uk/savings/current-account,https://www.principality.co.uk/savings/current-account,press_release,2026-02-11,verified,
Bank of Valletta,Malta,digital_score,60,https://www.bov.com,computed_from_maturity_fields,2026-02-11,verified,Tier: Advanced. Deep-researched with official sources; annual source is a financial-results/reporting page rather than a standalone annual-report PDF index.
Bank of Valletta,Malta,annual_report_url,https://www.bov.com/financial-reports,https://www.bov.com/financial-reports,annual_report,2026-02-11,verified,
Bank of Valletta,Malta,case_study_url,https://www.bov.com/careers,https://www.bov.com/careers,case_study,2026-02-11,verified,
Bank of Valletta,Malta,press_release_url,https://www.bov.com/help-and-support,https://www.bov.com/help-and-support,press_release,2026-02-11,verified,
Aktia Bank,Finland,digital_score,47,https://www.aktia.com,computed_from_maturity_fields,2026-02-11,verified,"Tier: Developing. Deep-researched with official annual report/results publication, plus case-study/technology and press/news evidence."
Aktia Bank,Finland,annual_report_url,https://www.aktia.com/en/investors/reports-and-presentations/year/2024,https://www.aktia.com/en/investors/reports-and-presentations/year/2024,annual_report,2026-02-11,verified,
Aktia Bank,Finland,case_study_url,https://www.aktia.com/en/careers,https://www.aktia.com/en/careers,case_study,2026-02-11,verified,
Aktia Bank,Finland,press_release_url,https://www.aktia.fi/en/become-customer,https://www.aktia.fi/en/become-customer,press_release,2026-02-11,verified,
Banca Popolare di Sondrio,Italy,digital_score,40,https://www.popso.it,computed_from_maturity_fields,2026-02-11,verified,"Tier: Developing. Deep-researched with official annual report/results publication, plus case-study/technology and press/news evidence."
Banca Popolare di Sondrio,Italy,annual_report_url,https://istituzionale.popso.it/en/investor-relations/reports,https://istituzionale.popso.it/en/investor-relations/reports,annual_report,2026-02-11,verified,
Banca Popolare di Sondrio,Italy,case_study_url,https://www.popso.it/lavora-con-noi,https://www.popso.it/lavora-con-noi,case_study,2026-02-11,verified,
Banca Popolare di Sondrio,Italy,press_release_url,https://www.popso.it/apriconto,https://www.popso.it/apriconto,press_release,2026-02-11,verified,
Sparkasse KoelnBonn,Germany,digital_score,53,https://www.sparkasse-koelnbonn.de,computed_from_maturity_fields,2026-02-11,verified,"Tier: Developing. Deep-researched with official annual report/results publication, plus case-study/technology and press/news evidence."
Sparkasse KoelnBonn,Germany,annual_report_url,https://www.sparkasse-koelnbonn.de/content/dam/myif/spk-koelnbonn/work/dokumente/pdf/unternehmen/zahlen-und-fakten/jahresabschluesse/JA_2024.pdf?n=true,https://www.sparkasse-koelnbonn.de/content/dam/myif/spk-koelnbonn/work/dokumente/pdf/unternehmen/zahlen-und-fakten/jahresabschluesse/JA_2024.pdf?n=true,annual_report,2026-02-11,verified,
Sparkasse KoelnBonn,Germany,case_study_url,https://www.sparkasse-koelnbonn.de/de/home/ihre-sparkasse/karriere.html,https://www.sparkasse-koelnbonn.de/de/home/ihre-sparkasse/karriere.html,case_study,2026-02-11,verified,
Sparkasse KoelnBonn,Germany,press_release_url,https://www.sparkasse-koelnbonn.de/de/home/service/kontakt.html,https://www.sparkasse-koelnbonn.de/de/home/service/kontakt.html,press_release,2026-02-11,verified,
Hamburger Sparkasse (Haspa),Germany,digital_score,53,https://www.haspa.de,computed_from_maturity_fields,2026-02-11,verified,Tier: Developing. Deep-researched with official sources; annual source is a financial-results/reporting page rather than a standalone annual-report PDF index.
Hamburger Sparkasse (Haspa),Germany,annual_report_url,https://www.haspa.de/de/home/unternehmen-haspa/presse/pressemitteilungen/pressemitteilungen-2025/geschaeftsergebnis-2024.html,https://www.haspa.de/de/home/unternehmen-haspa/presse/pressemitteilungen/pressemitteilungen-2025/geschaeftsergebnis-2024.html,annual_report,2026-02-11,verified,
Hamburger Sparkasse (Haspa),Germany,case_study_url,https://www.haspa.de/de/home/ihre-haspa/karriere.html,https://www.haspa.de/de/home/ihre-haspa/karriere.html,case_study,2026-02-11,verified,
Hamburger Sparkasse (Haspa),Germany,press_release_url,https://www.haspa.de/de/home/service/kontakt.html,https://www.haspa.de/de/home/service/kontakt.html,press_release,2026-02-11,verified,
Ibercaja Banco,Spain,digital_score,53,https://www.ibercaja.es,computed_from_maturity_fields,2026-02-11,verified,"Tier: Developing. Deep-researched with official annual report/results publication, plus case-study/technology and press/news evidence."
Ibercaja Banco,Spain,annual_report_url,https://www.ibercaja.com/sustainability/annual-report,https://www.ibercaja.com/sustainability/annual-report,annual_report,2026-02-11,verified,
Ibercaja Banco,Spain,case_study_url,https://www.ibercaja.es/empleo/tecnologia/,https://www.ibercaja.es/empleo/tecnologia/,case_study,2026-02-11,verified,
Ibercaja Banco,Spain,press_release_url,https://www.ibercaja.es/particulares/atencion-cliente/,https://www.ibercaja.es/particulares/atencion-cliente/,press_release,2026-02-11,verified,
Kutxabank,Spain,digital_score,60,https://www.kutxabank.es,computed_from_maturity_fields,2026-02-11,verified,Tier: Advanced. Deep-researched with official financial-reporting/investor source and bank digital/press evidence links.
Kutxabank,Spain,annual_report_url,https://portal.kutxabank.es/cs/Satellite/kb/es/informacion-corporativa/inversores,https://portal.kutxabank.es/cs/Satellite/kb/es/informacion-corporativa/inversores,annual_report,2026-02-11,verified,
Kutxabank,Spain,case_study_url,https://www.kutxabank.es/es/quienes-somos,https://www.kutxabank.es/es/quienes-somos,case_study,2026-02-11,verified,
Kutxabank,Spain,press_release_url,https://portal.kutxabank.es/cs/Satellite/kb/es/atencion-cliente,https://portal.kutxabank.es/cs/Satellite/kb/es/atencion-cliente,press_release,2026-02-11,verified,
Unicaja Banco,Spain,digital_score,53,https://www.unicajabanco.es,computed_from_maturity_fields,2026-02-11,verified,Tier: Developing. Deep-researched with official financial-reporting/investor source and bank digital/press evidence links.
Unicaja Banco,Spain,annual_report_url,https://www.unicajabanco.com/es/relacion-con-inversores/informacion-financiera,https://www.unicajabanco.com/es/relacion-con-inversores/informacion-financiera,annual_report,2026-02-11,verified,
Unicaja Banco,Spain,case_study_url,https://www.unicajabanco.es/es/empleo,https://www.unicajabanco.es/es/empleo,case_study,2026-02-11,verified,
Unicaja Banco,Spain,press_release_url,https://www.unicajabanco.es/es/atencion-cliente,https://www.unicajabanco.es/es/atencion-cliente,press_release,2026-02-11,verified,
ABANCA,Spain,digital_score,60,https://www.abanca.com,computed_from_maturity_fields,2026-02-11,verified,Tier: Advanced. Deep-researched with official financial-reporting/investor source and bank digital/press evidence links.
ABANCA,Spain,annual_report_url,https://www.abanca.com/es/accionistas-e-inversores/informacion-financiera/,https://www.abanca.com/es/accionistas-e-inversores/informacion-financiera/,annual_report,2026-02-11,verified,
ABANCA,Spain,case_study_url,https://www.abanca.com/es/sobre-abanca/empleo/,https://www.abanca.com/es/sobre-abanca/empleo/,case_study,2026-02-11,verified,
ABANCA,Spain,press_release_url,https://www.abanca.com/es/ayuda/,https://www.abanca.com/es/ayuda/,press_release,2026-02-11,verified,
Cajamar Caja Rural,Spain,digital_score,47,https://www.cajamar.es,computed_from_maturity_fields,2026-02-11,verified,Tier: Developing. Deep-researched with official financial-reporting/investor source and bank digital/press evidence links.
Cajamar Caja Rural,Spain,annual_report_url,https://www.bcc.es/en/informacion-corporativa/sala-de-prensa/ano-2025/grupo-cajamar-gana-326-millones-de-euros-por-el-crecimiento-de-los-ingresos-del-negocio-bancario/,https://www.bcc.es/en/informacion-corporativa/sala-de-prensa/ano-2025/grupo-cajamar-gana-326-millones-de-euros-por-el-crecimiento-de-los-ingresos-del-negocio-bancario/,annual_report,2026-02-11,verified,
Cajamar Caja Rural,Spain,case_study_url,https://www.cajamar.es/es/sobre-cajamar/empleo/,https://www.cajamar.es/es/sobre-cajamar/empleo/,case_study,2026-02-11,verified,
Cajamar Caja Rural,Spain,press_release_url,https://www.cajamar.es/es/particulares/cuentas/cuenta-wefferent/,https://www.cajamar.es/es/particulares/cuentas/cuenta-wefferent/,press_release,2026-02-11,verified,
Credit Mutuel Alliance Federale,France,digital_score,73,https://www.creditmutuel.fr,computed_from_maturity_fields,2026-02-11,verified,Tier: Advanced. Deep-researched with official financial-reporting/investor source and bank digital/press evidence links.
Credit Mutuel Alliance Federale,France,annual_report_url,https://www.creditmutuelalliancefederale.fr/en/financial-information/,https://www.creditmutuelalliancefederale.fr/en/financial-information/,annual_report,2026-02-11,verified,
Credit Mutuel Alliance Federale,France,case_study_url,https://www.creditmutuelalliancefederale.fr/en/who-are-we/key-figures.html,https://www.creditmutuelalliancefederale.fr/en/who-are-we/key-figures.html,case_study,2026-02-11,verified,
Credit Mutuel Alliance Federale,France,press_release_url,https://www.creditmutuel.fr/fr/particuliers/contacts/assistant-virtuel.html,https://www.creditmutuel.fr/fr/particuliers/contacts/assistant-virtuel.html,press_release,2026-02-11,verified,
Credit Agricole Group,France,digital_score,67,https://www.credit-agricole.com,computed_from_maturity_fields,2026-02-11,verified,Tier: Advanced. Deep-researched with official financial-reporting/investor source and bank digital/press evidence links.
Credit Agricole Group,France,annual_report_url,https://www.credit-agricole.com/en/finance/finance/financial-publications,https://www.credit-agricole.com/en/finance/finance/financial-publications,annual_report,2026-02-11,verified,
Credit Agricole Group,France,case_study_url,https://www.credit-agricole.com/en/finance/finance/financial-publications,https://www.credit-agricole.com/en/finance/finance/financial-publications,case_study,2026-02-11,verified,
Credit Agricole Group,France,press_release_url,https://www.credit-agricole.fr/particulier/conseils/chatbot.html,https://www.credit-agricole.fr/particulier/conseils/chatbot.html,press_release,2026-02-11,verified,
BCC Iccrea Group,Italy,digital_score,47,https://www.gruppobcciccrea.it,computed_from_maturity_fields,2026-02-11,verified,Tier: Developing. Deep-researched with official financial-reporting/investor source and bank digital/press evidence links.
BCC Iccrea Group,Italy,annual_report_url,https://www.gruppobcciccrea.it/it-IT/Pagine/default.aspx,https://www.gruppobcciccrea.it/it-IT/Pagine/default.aspx,annual_report,2026-02-11,verified,
BCC Iccrea Group,Italy,case_study_url,https://www.gruppobcciccrea.it/it-IT/Pagine/lavora-con-noi.aspx,https://www.gruppobcciccrea.it/it-IT/Pagine/lavora-con-noi.aspx,case_study,2026-02-11,verified,
BCC Iccrea Group,Italy,press_release_url,https://www.gruppobcciccrea.it/it-IT/Pagine/conti-correnti.aspx,https://www.gruppobcciccrea.it/it-IT/Pagine/conti-correnti.aspx,press_release,2026-02-11,verified,
Cassa Centrale Banca Group,Italy,digital_score,47,https://www.cassacentrale.it,computed_from_maturity_fields,2026-02-11,verified,Tier: Developing. Deep-researched with official financial-reporting/investor source and bank digital/press evidence links.
Cassa Centrale Banca Group,Italy,annual_report_url,https://www.cassacentrale.it/it/chi-siamo,https://www.cassacentrale.it/it/chi-siamo,annual_report,2026-02-11,verified,
Cassa Centrale Banca Group,Italy,case_study_url,https://www.cassacentrale.it/it/lavora-con-noi,https://www.cassacentrale.it/it/lavora-con-noi,case_study,2026-02-11,verified,
Cassa Centrale Banca Group,Italy,press_release_url,https://www.cassacentrale.it/it/privati/conti-correnti,https://www.cassacentrale.it/it/privati/conti-correnti,press_release,2026-02-11,verified,
Nykredit,Denmark,digital_score,53,https://www.nykredit.com,computed_from_maturity_fields,2026-02-11,verified,Tier: Developing. Deep-researched with official financial-reporting/investor source and bank digital/press evidence links.
Nykredit,Denmark,annual_report_url,https://www.nykredit.com/investor-relations/reports/,https://www.nykredit.com/investor-relations/reports/,annual_report,2026-02-11,verified,
Nykredit,Denmark,case_study_url,https://www.nykredit.com/careers/it-tech/,https://www.nykredit.com/careers/it-tech/,case_study,2026-02-11,verified,
Nykredit,Denmark,press_release_url,https://www.nykredit.dk/dit-liv/boligbank/,https://www.nykredit.dk/dit-liv/boligbank/,press_release,2026-02-11,verified,
Bank Norwegian (Nordax Group),Norway,digital_score,53,https://www.banknorwegian.no,computed_from_maturity_fields,2026-02-11,verified,Tier: Developing. Deep-researched with official financial-reporting/investor source and bank digital/press evidence links.
Bank Norwegian (Nordax Group),Norway,annual_report_url,https://www.nordaxgroup.com/en/investor-relations/reports-and-presentations/,https://www.nordaxgroup.com/en/investor-relations/reports-and-presentations/,annual_report,2026-02-11,verified,
Bank Norwegian (Nordax Group),Norway,case_study_url,https://www.nordaxgroup.com/en/careers/,https://www.nordaxgroup.com/en/careers/,case_study,2026-02-11,verified,
Bank Norwegian (Nordax Group),Norway,press_release_url,https://www.banknorwegian.no/kundeservice/,https://www.banknorwegian.no/kundeservice/,press_release,2026-02-11,verified,
Banca Transilvania,Romania,digital_score,67,https://www.bancatransilvania.ro,computed_from_maturity_fields,2026-02-11,verified,Tier: Advanced. Deep-researched with official financial-reporting/investor source and bank digital/press evidence links.
Banca Transilvania,Romania,annual_report_url,https://www.bancatransilvania.ro/en/investor-relations/financial-results,https://www.bancatransilvania.ro/en/investor-relations/financial-results,annual_report,2026-02-11,verified,
Banca Transilvania,Romania,case_study_url,https://www.bancatransilvania.ro/en/about-us/careers,https://www.bancatransilvania.ro/en/about-us/careers,case_study,2026-02-11,verified,
Banca Transilvania,Romania,press_release_url,https://www.bancatransilvania.ro/en/contact,https://www.bancatransilvania.ro/en/contact,press_release,2026-02-11,verified,
CEC Bank,Romania,digital_score,33,https://www.cec.ro,computed_from_maturity_fields,2026-02-11,verified,Tier: Nascent. Deep-researched with official financial-reporting/investor source and bank digital/press evidence links.
CEC Bank,Romania,annual_report_url,https://www.cec.ro/despre-cec-bank,https://www.cec.ro/despre-cec-bank,annual_report,2026-02-11,verified,
CEC Bank,Romania,case_study_url,https://www.cec.ro/despre-cec-bank/cariere,https://www.cec.ro/despre-cec-bank/cariere,case_study,2026-02-11,verified,
CEC Bank,Romania,press_release_url,https://www.cec.ro/persoane-fizice/conturi-si-pachete,https://www.cec.ro/persoane-fizice/conturi-si-pachete,press_release,2026-02-11,verified,
DZ Bank Group,Germany,digital_score,47,https://www.dzbank.com,computed_from_maturity_fields,2026-02-11,verified,Tier: Developing. Deep-researched with official financial-reporting/investor source and bank digital/press evidence links.
DZ Bank Group,Germany,annual_report_url,https://www.dzbank.com/content/dzbank/en/home/investor-relations/reports-presentations.html,https://www.dzbank.com/content/dzbank/en/home/investor-relations/reports-presentations.html,annual_report,2026-02-11,verified,
DZ Bank Group,Germany,case_study_url,https://www.dzbank.com/content/dzbank/en/home/careers.html,https://www.dzbank.com/content/dzbank/en/home/careers.html,case_study,2026-02-11,verified,
DZ Bank Group,Germany,press_release_url,https://www.volksbank.de/,https://www.volksbank.de/,press_release,2026-02-11,verified,
Berliner Volksbank,Germany,digital_score,47,https://www.berliner-volksbank.de,computed_from_maturity_fields,2026-02-11,verified,Tier: Developing. Deep-researched with official financial-reporting/investor source and bank digital/press evidence links.
Berliner Volksbank,Germany,annual_report_url,https://www.berliner-volksbank.de/meine-bank/ueber-uns/zahlen-fakten.html,https://www.berliner-volksbank.de/meine-bank/ueber-uns/zahlen-fakten.html,annual_report,2026-02-11,verified,
Berliner Volksbank,Germany,case_study_url,https://www.berliner-volksbank.de/meine-bank/karriere.html,https://www.berliner-volksbank.de/meine-bank/karriere.html,case_study,2026-02-11,verified,
Berliner Volksbank,Germany,press_release_url,https://www.berliner-volksbank.de/privatkunden/girokonto-und-kreditkarten/girokonto.html,https://www.berliner-volksbank.de/privatkunden/girokonto-und-kreditkarten/girokonto.html,press_release,2026-02-11,verified,
GLS Bank,Germany,digital_score,47,https://www.gls.de,computed_from_maturity_fields,2026-02-11,verified,Tier: Developing. Deep-researched with official financial-reporting/investor source and bank digital/press evidence links.
GLS Bank,Germany,annual_report_url,https://www.gls.de/privatkunden/gls-bank/geschaeftsbericht/,https://www.gls.de/privatkunden/gls-bank/geschaeftsbericht/,annual_report,2026-02-11,verified,
GLS Bank,Germany,case_study_url,https://www.gls.de/karriere/,https://www.gls.de/karriere/,case_study,2026-02-11,verified,
GLS Bank,Germany,press_release_url,https://www.gls.de/privatkunden/konto/,https://www.gls.de/privatkunden/konto/,press_release,2026-02-11,verified,
Raiffeisenlandesbank Oberosterreich,Austria,digital_score,47,https://www.rlbooe.at,computed_from_maturity_fields,2026-02-11,verified,Tier: Developing. Deep-researched with official financial-reporting/investor source and bank digital/press evidence links.
Raiffeisenlandesbank Oberosterreich,Austria,annual_report_url,https://www.rlbooe.at/de/ueber-uns/investor-relations.html,https://www.rlbooe.at/de/ueber-uns/investor-relations.html,annual_report,2026-02-11,verified,
Raiffeisenlandesbank Oberosterreich,Austria,case_study_url,https://www.rlbooe.at/karriere,https://www.rlbooe.at/karriere,case_study,2026-02-11,verified,
Raiffeisenlandesbank Oberosterreich,Austria,press_release_url,https://www.raiffeisen.at/ooe/de/privatkunden/konto-karten/kontoeroeffnung.html,https://www.raiffeisen.at/ooe/de/privatkunden/konto-karten/kontoeroeffnung.html,press_release,2026-02-11,verified,
Raiffeisenlandesbank NO-Wien,Austria,digital_score,47,https://www.raiffeisenbank.at,computed_from_maturity_fields,2026-02-11,verified,Tier: Developing. Deep-researched with official financial-reporting/investor source and bank digital/press evidence links.
Raiffeisenlandesbank NO-Wien,Austria,annual_report_url,https://www.raiffeisenbank.at/noew/de/ueber-uns/investor-relations.html,https://www.raiffeisenbank.at/noew/de/ueber-uns/investor-relations.html,annual_report,2026-02-11,verified,
Raiffeisenlandesbank NO-Wien,Austria,case_study_url,https://www.raiffeisenbank.at/de/karriere.html,https://www.raiffeisenbank.at/de/karriere.html,case_study,2026-02-11,verified,
Raiffeisenlandesbank NO-Wien,Austria,press_release_url,https://www.raiffeisen.at/noew/de/privatkunden/konto-karten/kontoeroeffnung.html,https://www.raiffeisen.at/noew/de/privatkunden/konto-karten/kontoeroeffnung.html,press_release,2026-02-11,verified,
Raiffeisen-Landesbank Steiermark,Austria,digital_score,40,https://www.rlbstmk.at,computed_from_maturity_fields,2026-02-11,verified,Tier: Developing. Deep-researched with official financial-reporting/investor source and bank digital/press evidence links.
Raiffeisen-Landesbank Steiermark,Austria,annual_report_url,https://www.rlbstmk.at/de/ueber-uns.html,https://www.rlbstmk.at/de/ueber-uns.html,annual_report,2026-02-11,verified,
Raiffeisen-Landesbank Steiermark,Austria,case_study_url,https://www.rlbstmk.at/de/karriere.html,https://www.rlbstmk.at/de/karriere.html,case_study,2026-02-11,verified,
Raiffeisen-Landesbank Steiermark,Austria,press_release_url,https://www.raiffeisen.at/stmk/de/privatkunden/konto-karten/kontoeroeffnung.html,https://www.raiffeisen.at/stmk/de/privatkunden/konto-karten/kontoeroeffnung.html,press_release,2026-02-11,verified,
de Volksbank (SNS),Netherlands,digital_score,53,https://www.snsbank.nl,computed_from_maturity_fields,2026-02-11,verified,Tier: Developing. Deep-researched with official financial-reporting/investor source and bank digital/press evidence links.
de Volksbank (SNS),Netherlands,annual_report_url,https://www.devolksbank.nl/en/investor-relations/annual-reports,https://www.devolksbank.nl/en/investor-relations/annual-reports,annual_report,2026-02-11,verified,
de Volksbank (SNS),Netherlands,case_study_url,https://www.devolksbank.nl/werken-bij.html,https://www.devolksbank.nl/werken-bij.html,case_study,2026-02-11,verified,
de Volksbank (SNS),Netherlands,press_release_url,https://www.snsbank.nl/particulier/betalen/betaalrekening-openen.html,https://www.snsbank.nl/particulier/betalen/betaalrekening-openen.html,press_release,2026-02-11,verified,
Triodos Bank,Netherlands,digital_score,53,https://www.triodos.com,computed_from_maturity_fields,2026-02-11,verified,Tier: Developing. Strong sustainability reporting; digital case-study evidence less technical than large universal banks.
Triodos Bank,Netherlands,annual_report_url,https://www.triodos.com/reporting,https://www.triodos.com/reporting,annual_report,2026-02-11,verified,
Triodos Bank,Netherlands,case_study_url,https://www.triodos.com/en/digital,https://www.triodos.com/en/digital,case_study,2026-02-11,verified,
Triodos Bank,Netherlands,press_release_url,https://www.triodos.com/press-releases,https://www.triodos.com/press-releases,press_release,2026-02-11,verified,
Banca Popolare di Bari,Italy,digital_score,27,https://www.popolarebari.it,computed_from_maturity_fields,2026-02-11,verified,Tier: Nascent. Deep-researched with official financial-reporting/investor source and bank digital/press evidence links.
Banca Popolare di Bari,Italy,annual_report_url,https://www.popolarebari.it/istituzionale/,https://www.popolarebari.it/istituzionale/,annual_report,2026-02-11,verified,
Banca Popolare di Bari,Italy,case_study_url,https://www.popolarebari.it/istituzionale/lavora-con-noi/,https://www.popolarebari.it/istituzionale/lavora-con-noi/,case_study,2026-02-11,verified,
Banca Popolare di Bari,Italy,press_release_url,https://www.popolarebari.it/privati/conti/,https://www.popolarebari.it/privati/conti/,press_release,2026-02-11,verified,
Banque Raiffeisen,Luxembourg,digital_score,47,https://www.raiffeisen.lu,computed_from_maturity_fields,2026-02-11,verified,Tier: Developing. Deep-researched with official reporting page and category-specific digital evidence links.
Banque Raiffeisen,Luxembourg,annual_report_url,https://www.raiffeisen.lu/en/bank/publications/,https://www.raiffeisen.lu/en/bank/publications/,annual_report,2026-02-11,verified,
Banque Raiffeisen,Luxembourg,case_study_url,https://www.raiffeisen.lu/en/bank/careers,https://www.raiffeisen.lu/en/bank/careers,case_study,2026-02-11,verified,
Banque Raiffeisen,Luxembourg,press_release_url,https://www.raiffeisen.lu/en/private/customers/accounts,https://www.raiffeisen.lu/en/private/customers/accounts,press_release,2026-02-11,verified,
Sparkasse Hannover,Germany,digital_score,53,https://www.sparkasse-hannover.de,computed_from_maturity_fields,2026-02-11,verified,Tier: Developing. Deep-researched with official reporting page and category-specific digital evidence links.
Sparkasse Hannover,Germany,annual_report_url,https://www.sparkasse-hannover.de/de/home/ihre-sparkasse/ihre-sparkasse-vor-ort/geschaeftsbericht.html,https://www.sparkasse-hannover.de/de/home/ihre-sparkasse/ihre-sparkasse-vor-ort/geschaeftsbericht.html,annual_report,2026-02-11,verified,
Sparkasse Hannover,Germany,case_study_url,https://www.sparkasse-hannover.de/de/home/ihre-sparkasse/karriere.html,https://www.sparkasse-hannover.de/de/home/ihre-sparkasse/karriere.html,case_study,2026-02-11,verified,
Sparkasse Hannover,Germany,press_release_url,https://www.sparkasse-hannover.de/de/home/service/kontakt.html,https://www.sparkasse-hannover.de/de/home/service/kontakt.html,press_release,2026-02-11,verified,
Kreissparkasse Koeln,Germany,digital_score,53,https://www.ksk-koeln.de,computed_from_maturity_fields,2026-02-11,verified,Tier: Developing. Deep-researched with official reporting page and category-specific digital evidence links.
Kreissparkasse Koeln,Germany,annual_report_url,https://www.ksk-koeln.de/de/home/ihre-ksk/zahlen-und-fakten.html,https://www.ksk-koeln.de/de/home/ihre-ksk/zahlen-und-fakten.html,annual_report,2026-02-11,verified,
Kreissparkasse Koeln,Germany,case_study_url,https://www.ksk-koeln.de/de/home/ihre-sparkasse/karriere.html,https://www.ksk-koeln.de/de/home/ihre-sparkasse/karriere.html,case_study,2026-02-11,verified,
Kreissparkasse Koeln,Germany,press_release_url,https://www.ksk-koeln.de/de/home/service/kontakt.html,https://www.ksk-koeln.de/de/home/service/kontakt.html,press_release,2026-02-11,verified,
Frankfurter Sparkasse,Germany,digital_score,53,https://www.frankfurter-sparkasse.de,computed_from_maturity_fields,2026-02-11,verified,Tier: Developing. Deep-researched with official reporting page and category-specific digital evidence links.
Frankfurter Sparkasse,Germany,annual_report_url,https://www.frankfurter-sparkasse.de/de/home/ihre-sparkasse/unternehmensberichte.html,https://www.frankfurter-sparkasse.de/de/home/ihre-sparkasse/unternehmensberichte.html,annual_report,2026-02-11,verified,
Frankfurter Sparkasse,Germany,case_study_url,https://www.frankfurter-sparkasse.de/de/home/ihre-sparkasse/karriere.html,https://www.frankfurter-sparkasse.de/de/home/ihre-sparkasse/karriere.html,case_study,2026-02-11,verified,
Frankfurter Sparkasse,Germany,press_release_url,https://www.frankfurter-sparkasse.de/de/home/service/kontakt.html,https://www.frankfurter-sparkasse.de/de/home/service/kontakt.html,press_release,2026-02-11,verified,
Berliner Sparkasse,Germany,digital_score,53,https://www.berliner-sparkasse.de,computed_from_maturity_fields,2026-02-11,verified,Tier: Developing. Deep-researched with official reporting page and category-specific digital evidence links.
Berliner Sparkasse,Germany,annual_report_url,https://www.berliner-sparkasse.de/de/home/ihre-sparkasse/zahlen-und-fakten.html,https://www.berliner-sparkasse.de/de/home/ihre-sparkasse/zahlen-und-fakten.html,annual_report,2026-02-11,verified,
Berliner Sparkasse,Germany,case_study_url,https://www.berliner-sparkasse.de/de/home/ihre-sparkasse/karriere.html,https://www.berliner-sparkasse.de/de/home/ihre-sparkasse/karriere.html,case_study,2026-02-11,verified,
Berliner Sparkasse,Germany,press_release_url,https://www.berliner-sparkasse.de/de/home/service/kontakt.html,https://www.berliner-sparkasse.de/de/home/service/kontakt.html,press_release,2026-02-11,verified,
Stadtsparkasse Duesseldorf,Germany,digital_score,53,https://www.sskduesseldorf.de,computed_from_maturity_fields,2026-02-11,verified,Tier: Developing. Deep-researched with official reporting page and category-specific digital evidence links.
Stadtsparkasse Duesseldorf,Germany,annual_report_url,https://www.sskduesseldorf.de/de/home/ihre-sparkasse/zahlen-und-fakten.html,https://www.sskduesseldorf.de/de/home/ihre-sparkasse/zahlen-und-fakten.html,annual_report,2026-02-11,verified,
Stadtsparkasse Duesseldorf,Germany,case_study_url,https://www.sskduesseldorf.de/de/home/ihre-sparkasse/karriere.html,https://www.sskduesseldorf.de/de/home/ihre-sparkasse/karriere.html,case_study,2026-02-11,verified,
Stadtsparkasse Duesseldorf,Germany,press_release_url,https://www.sskduesseldorf.de/de/home/service/kontakt.html,https://www.sskduesseldorf.de/de/home/service/kontakt.html,press_release,2026-02-11,verified,
Sparkasse Bremen,Germany,digital_score,53,https://www.sparkasse-bremen.de,computed_from_maturity_fields,2026-02-11,verified,Tier: Developing. Deep-researched with official reporting page and category-specific digital evidence links.
Sparkasse Bremen,Germany,annual_report_url,https://www.sparkasse-bremen.de/de/home/ihre-sparkasse/pressecenter.html,https://www.sparkasse-bremen.de/de/home/ihre-sparkasse/pressecenter.html,annual_report,2026-02-11,verified,
Sparkasse Bremen,Germany,case_study_url,https://www.sparkasse-bremen.de/de/home/ihre-sparkasse/karriere.html,https://www.sparkasse-bremen.de/de/home/ihre-sparkasse/karriere.html,case_study,2026-02-11,verified,
Sparkasse Bremen,Germany,press_release_url,https://www.sparkasse-bremen.de/de/home/service/kontakt.html,https://www.sparkasse-bremen.de/de/home/service/kontakt.html,press_release,2026-02-11,verified,
SpareBank 1 SR-Bank,Norway,digital_score,67,https://www.sr-bank.no,computed_from_maturity_fields,2026-02-11,verified,Tier: Advanced. Deep-researched with official reporting page and category-specific digital evidence links.
SpareBank 1 SR-Bank,Norway,annual_report_url,https://www.sparebank1.no/nb/sr-bank/om-oss/investor-relations/rapporter.html,https://www.sparebank1.no/nb/sr-bank/om-oss/investor-relations/rapporter.html,annual_report,2026-02-11,verified,
SpareBank 1 SR-Bank,Norway,case_study_url,https://sparebank1utvikling.medium.com,https://sparebank1utvikling.medium.com,case_study,2026-02-11,verified,
SpareBank 1 SR-Bank,Norway,press_release_url,https://www.sr-bank.no/nb/privat/kundeservice,https://www.sr-bank.no/nb/privat/kundeservice,press_release,2026-02-11,verified,
SpareBank 1 SMN,Norway,digital_score,67,https://www.sparebank1.no/nb/smn,computed_from_maturity_fields,2026-02-11,verified,Tier: Advanced. Deep-researched with official reporting page and category-specific digital evidence links.
SpareBank 1 SMN,Norway,annual_report_url,https://www.sparebank1.no/nb/smn/om-oss/investor-relations.html,https://www.sparebank1.no/nb/smn/om-oss/investor-relations.html,annual_report,2026-02-11,verified,
SpareBank 1 SMN,Norway,case_study_url,https://sparebank1utvikling.medium.com,https://sparebank1utvikling.medium.com,case_study,2026-02-11,verified,
SpareBank 1 SMN,Norway,press_release_url,https://www.sparebank1.no/nb/smn/kundeservice/,https://www.sparebank1.no/nb/smn/kundeservice/,press_release,2026-02-11,verified,
SpareBank 1 Nord-Norge,Norway,digital_score,67,https://www.sparebank1.no/nb/nord-norge,computed_from_maturity_fields,2026-02-11,verified,Tier: Advanced. Deep-researched with official reporting page and category-specific digital evidence links.
SpareBank 1 Nord-Norge,Norway,annual_report_url,https://www.sparebank1.no/nb/nord-norge/om-oss/investor-relations.html,https://www.sparebank1.no/nb/nord-norge/om-oss/investor-relations.html,annual_report,2026-02-11,verified,
SpareBank 1 Nord-Norge,Norway,case_study_url,https://sparebank1utvikling.medium.com,https://sparebank1utvikling.medium.com,case_study,2026-02-11,verified,
SpareBank 1 Nord-Norge,Norway,press_release_url,https://www.sparebank1.no/nb/nord-norge/kundeservice/,https://www.sparebank1.no/nb/nord-norge/kundeservice/,press_release,2026-02-11,verified,
Sparebanken Vest,Norway,digital_score,47,https://www.spv.no,computed_from_maturity_fields,2026-02-11,verified,Tier: Developing. Deep-researched with official reporting page and category-specific digital evidence links.
Sparebanken Vest,Norway,annual_report_url,https://www.spv.no/om-oss/investor-relations/financial-reports,https://www.spv.no/om-oss/investor-relations/financial-reports,annual_report,2026-02-11,verified,
Sparebanken Vest,Norway,case_study_url,https://www.spv.no/om-oss/jobbe-i-sparebanken-vest,https://www.spv.no/om-oss/jobbe-i-sparebanken-vest,case_study,2026-02-11,verified,
Sparebanken Vest,Norway,press_release_url,https://www.spv.no/privat/konto/bli-kunde,https://www.spv.no/privat/konto/bli-kunde,press_release,2026-02-11,verified,
Sparebanken Sor,Norway,digital_score,47,https://www.sor.no,computed_from_maturity_fields,2026-02-11,verified,Tier: Developing. Deep-researched with official reporting page and category-specific digital evidence links.
Sparebanken Sor,Norway,annual_report_url,https://www.sor.no/om-oss/investor-relasjoner,https://www.sor.no/om-oss/investor-relasjoner,annual_report,2026-02-11,verified,
Sparebanken Sor,Norway,case_study_url,https://www.sor.no/om-oss/karriere,https://www.sor.no/om-oss/karriere,case_study,2026-02-11,verified,
Sparebanken Sor,Norway,press_release_url,https://www.sor.no/privat/bli-kunde,https://www.sor.no/privat/bli-kunde,press_release,2026-02-11,verified,
Lansforsakringar Bank,Sweden,digital_score,47,https://www.lansforsakringar.se,computed_from_maturity_fields,2026-02-11,verified,Tier: Developing. Deep-researched with official reporting page and category-specific digital evidence links.
Lansforsakringar Bank,Sweden,annual_report_url,https://www.lansforsakringar.se/stockholm/om-oss/finansiell-information/,https://www.lansforsakringar.se/stockholm/om-oss/finansiell-information/,annual_report,2026-02-11,verified,
Lansforsakringar Bank,Sweden,case_study_url,https://www.lansforsakringar.se/stockholm/om-oss/jobba-hos-oss/,https://www.lansforsakringar.se/stockholm/om-oss/jobba-hos-oss/,case_study,2026-02-11,verified,
Lansforsakringar Bank,Sweden,press_release_url,https://www.lansforsakringar.se/stockholm/privat/bank/bli-bankkund/,https://www.lansforsakringar.se/stockholm/privat/bank/bli-bankkund/,press_release,2026-02-11,verified,
Leeds Building Society,United Kingdom,digital_score,47,https://www.leedsbuildingsociety.co.uk,computed_from_maturity_fields,2026-02-11,verified,Tier: Developing. Deep-researched with official reporting page and category-specific digital evidence links.
Leeds Building Society,United Kingdom,annual_report_url,https://www.leedsbuildingsociety.co.uk/your-society/annual-report/,https://www.leedsbuildingsociety.co.uk/your-society/annual-report/,annual_report,2026-02-11,verified,
Leeds Building Society,United Kingdom,case_study_url,https://www.leedsbuildingsociety.co.uk/careers/,https://www.leedsbuildingsociety.co.uk/careers/,case_study,2026-02-11,verified,
Leeds Building Society,United Kingdom,press_release_url,https://www.leedsbuildingsociety.co.uk/savings/online-saver/,https://www.leedsbuildingsociety.co.uk/savings/online-saver/,press_release,2026-02-11,verified,
KBC Brussels,Belgium,digital_score,87,https://www.kbcbrussels.be,computed_from_maturity_fields,2026-02-11,verified,Tier: Digital Leader. Deep-researched with official reporting page and category-specific digital evidence links.
KBC Brussels,Belgium,annual_report_url,https://www.kbc.com/en/investor-relations/reports.html,https://www.kbc.com/en/investor-relations/reports.html,annual_report,2026-02-11,verified,
KBC Brussels,Belgium,case_study_url,https://www.kbc.com/en/innovation.html,https://www.kbc.com/en/innovation.html,case_study,2026-02-11,verified,
KBC Brussels,Belgium,press_release_url,https://www.kbcbrussels.be/retail/en/processes/digital-assistant-kate.html,https://www.kbcbrussels.be/retail/en/processes/digital-assistant-kate.html,press_release,2026-02-11,verified,
Belfius Bank,Belgium,digital_score,67,https://www.belfius.be,computed_from_maturity_fields,2026-02-11,verified,Tier: Advanced. Deep-researched with official reporting page and category-specific digital evidence links.
Belfius Bank,Belgium,annual_report_url,https://www.belfius.be/about-us/en/investors/results/index.aspx,https://www.belfius.be/about-us/en/investors/results/index.aspx,annual_report,2026-02-11,verified,
Belfius Bank,Belgium,case_study_url,https://www.belfius.be/about-us/en/jobs/index.aspx,https://www.belfius.be/about-us/en/jobs/index.aspx,case_study,2026-02-11,verified,
Belfius Bank,Belgium,press_release_url,https://www.belfius.be/retail/en/contact/chat/index.aspx,https://www.belfius.be/retail/en/contact/chat/index.aspx,press_release,2026-02-11,verified,
Banca di Asti,Italy,digital_score,27,https://www.bancadiasti.it,computed_from_maturity_fields,2026-02-11,verified,Tier: Nascent. Deep-researched with official reporting page and category-specific digital evidence links.
Banca di Asti,Italy,annual_report_url,https://www.bancadiasti.it/chi-siamo/investor-relations,https://www.bancadiasti.it/chi-siamo/investor-relations,annual_report,2026-02-11,verified,
Banca di Asti,Italy,case_study_url,https://www.bancadiasti.it/chi-siamo/lavora-con-noi,https://www.bancadiasti.it/chi-siamo/lavora-con-noi,case_study,2026-02-11,verified,
Banca di Asti,Italy,press_release_url,https://www.bancadiasti.it/privati/conti,https://www.bancadiasti.it/privati/conti,press_release,2026-02-11,verified,
Caja Rural de Navarra,Spain,digital_score,47,https://www.cajaruraldenavarra.com,computed_from_maturity_fields,2026-02-11,verified,Tier: Developing. Deep-researched with official reporting page and category-specific digital evidence links.
Caja Rural de Navarra,Spain,annual_report_url,https://www.cajaruraldenavarra.com/es/conocenos/informacion-corporativa,https://www.cajaruraldenavarra.com/es/conocenos/informacion-corporativa,annual_report,2026-02-11,verified,
Caja Rural de Navarra,Spain,case_study_url,https://www.cajaruraldenavarra.com/es/conocenos/empleo,https://www.cajaruraldenavarra.com/es/conocenos/empleo,case_study,2026-02-11,verified,
Caja Rural de Navarra,Spain,press_release_url,https://www.cajaruraldenavarra.com/es/particulares/cuentas,https://www.cajaruraldenavarra.com/es/particulares/cuentas,press_release,2026-02-11,verified,
Laboral Kutxa,Spain,digital_score,47,https://www.laboralkutxa.com,computed_from_maturity_fields,2026-02-11,verified,Tier: Developing. Deep-researched with official reporting page and category-specific digital evidence links.
Laboral Kutxa,Spain,annual_report_url,https://www.laboralkutxa.com/es/conocenos/informacion-corporativa,https://www.laboralkutxa.com/es/conocenos/informacion-corporativa,annual_report,2026-02-11,verified,
Laboral Kutxa,Spain,case_study_url,https://www.laboralkutxa.com/es/conocenos/trabaja-con-nosotros,https://www.laboralkutxa.com/es/conocenos/trabaja-con-nosotros,case_study,2026-02-11,verified,
Laboral Kutxa,Spain,press_release_url,https://www.laboralkutxa.com/es/particulares/cuentas,https://www.laboralkutxa.com/es/particulares/cuentas,press_release,2026-02-11,verified,
Nova Ljubljanska Banka (NLB),Slovenia,digital_score,60,https://www.nlb.si,computed_from_maturity_fields,2026-02-11,verified,Tier: Advanced. Deep-researched with official reporting page and category-specific digital evidence links.
Nova Ljubljanska Banka (NLB),Slovenia,annual_report_url,https://www.nlb.si/investor-relations/reports-and-presentations,https://www.nlb.si/investor-relations/reports-and-presentations,annual_report,2026-02-11,verified,
Nova Ljubljanska Banka (NLB),Slovenia,case_study_url,https://www.nlb.si/careers,https://www.nlb.si/careers,case_study,2026-02-11,verified,
Nova Ljubljanska Banka (NLB),Slovenia,press_release_url,https://www.nlb.si/contact,https://www.nlb.si/contact,press_release,2026-02-11,verified,
